,domain,instance,planner,type,solved,SAT,time,memory,timeout,memoryout,policysize
104,blocksworld-ipc08,p06,asp2-reg-undo-4h,asp,True,True,10.561045229900628,0.8125,False,False,11
112,blocksworld-ipc08,p01,asp2-reg-undo-4h,asp,True,True,2.5525964428670704,1.29296875,False,False,9
148,blocksworld-ipc08,p03,asp2-reg-undo-4h,asp,True,True,3.1566304522566497,1.24609375,False,False,10
191,blocksworld-ipc08,p07,asp2-reg-undo-4h,asp,True,True,16.693293255288154,1.08984375,False,False,13
199,blocksworld-ipc08,p09,asp2-reg-undo-4h,asp,True,True,2.4614178901538253,0.91015625,False,False,9
222,blocksworld-ipc08,p08,asp2-reg-undo-4h,asp,True,True,30.35909579880536,122.36328125,False,False,13
237,blocksworld-ipc08,p02,asp2-reg-undo-4h,asp,True,True,2.6276615750975907,1.12109375,False,False,9
245,blocksworld-ipc08,p10,asp2-reg-undo-4h,asp,True,True,4.833166350144893,1.26953125,False,False,11
253,blocksworld-ipc08,p05,asp2-reg-undo-4h,asp,True,True,19.020379688125104,1.1796875,False,False,13
290,blocksworld-ipc08,p04,asp2-reg-undo-4h,asp,True,True,41.53393042180687,126.15234375,False,False,14
300,miner,p50,asp2-reg-4h,asp,True,True,1107.1369340261444,2077.4375,False,False,24
301,miner,p50,asp2-reg-undo-4h,asp,True,True,1031.585314329248,2625.859375,False,False,24
302,miner,p50,asp2-reg-kb-4h,asp,True,True,667.223457837943,2320.4765625,False,False,24
312,miner,p20,asp2-reg-4h,asp,True,True,146.6031676866114,594.18359375,False,False,19
313,miner,p20,asp2-reg-undo-4h,asp,True,True,150.82042223634198,812.5078125,False,False,19
314,miner,p20,asp2-reg-kb-4h,asp,True,True,111.7470421860926,581.2265625,False,False,19
324,miner,p35,asp2-reg-4h,asp,True,True,222.98714079987252,889.62890625,False,False,18
325,miner,p35,asp2-reg-undo-4h,asp,True,True,295.1547018052079,1018.23046875,False,False,18
326,miner,p35,asp2-reg-kb-4h,asp,True,True,221.32673754915595,718.9296875,False,False,18
336,miner,p48,asp2-reg-4h,asp,True,True,929.0429465686902,2234.83203125,False,False,24
337,miner,p48,asp2-reg-undo-4h,asp,True,True,889.8206346309744,2797.35546875,False,False,24
338,miner,p48,asp2-reg-kb-4h,asp,True,True,713.7469320399687,2887.5546875,False,False,24
348,miner,p22,asp2-reg-4h,asp,True,True,431.1352394297719,970.75,False,False,26
349,miner,p22,asp2-reg-undo-4h,asp,True,True,402.2155500529334,1247.39453125,False,False,26
350,miner,p22,asp2-reg-kb-4h,asp,True,True,245.83090994879603,1102.5,False,False,26
360,miner,p29,asp2-reg-4h,asp,True,True,150.68474283162504,615.7421875,False,False,19
361,miner,p29,asp2-reg-undo-4h,asp,True,True,211.4779355986975,844.6875,False,False,19
362,miner,p29,asp2-reg-kb-4h,asp,True,True,141.67330820579082,689.7890625,False,False,19
372,miner,p25,asp2-reg-4h,asp,True,True,150.41687469370663,484.1328125,False,False,20
373,miner,p25,asp2-reg-undo-4h,asp,True,True,165.45327617786825,733.859375,False,False,20
374,miner,p25,asp2-reg-kb-4h,asp,True,True,118.76370250666514,450.01171875,False,False,20
384,miner,p44,asp2-reg-4h,asp,True,True,486.61580976471305,1175.8125,False,False,22
385,miner,p44,asp2-reg-undo-4h,asp,True,True,466.99522405909374,1501.8515625,False,False,22
386,miner,p44,asp2-reg-kb-4h,asp,True,True,319.64751085825264,1203.83984375,False,False,22
396,miner,p01,asp2-reg-4h,asp,True,True,4.922422886826098,1.421875,False,False,18
397,miner,p01,asp2-reg-undo-4h,asp,True,True,6.454612437169999,1.2890625,False,False,18
398,miner,p01,asp2-reg-kb-4h,asp,True,True,7.321779871825129,1.21875,False,False,18
408,miner,p17,asp2-reg-4h,asp,True,True,79.59141712728888,545.9375,False,False,18
409,miner,p17,asp2-reg-undo-4h,asp,True,True,97.9695399920456,765.0390625,False,False,18
410,miner,p17,asp2-reg-kb-4h,asp,True,True,89.64702355209738,551.828125,False,False,18
420,miner,p13,asp2-reg-4h,asp,True,True,27.576284469105303,0.97265625,False,False,17
421,miner,p13,asp2-reg-undo-4h,asp,True,True,31.421927568968385,355.67578125,False,False,17
422,miner,p13,asp2-reg-kb-4h,asp,True,True,34.32705729827285,233.984375,False,False,17
432,miner,p16,asp2-reg-4h,asp,True,True,61.59278118796647,544.5,False,False,16
433,miner,p16,asp2-reg-undo-4h,asp,True,True,78.77774658473209,614.51171875,False,False,16
434,miner,p16,asp2-reg-kb-4h,asp,True,True,73.33027308387682,544.8359375,False,False,16
444,miner,p14,asp2-reg-4h,asp,True,True,63.14849478472024,486.8046875,False,False,19
445,miner,p14,asp2-reg-undo-4h,asp,True,True,75.20655132830143,238.6875,False,False,19
446,miner,p14,asp2-reg-kb-4h,asp,True,True,69.04968866473064,372.8515625,False,False,19
456,miner,p03,asp2-reg-4h,asp,True,True,4.823759211227298,1.14453125,False,False,14
457,miner,p03,asp2-reg-undo-4h,asp,True,True,6.826873598154634,0.84765625,False,False,14
458,miner,p03,asp2-reg-kb-4h,asp,True,True,7.131553796119988,1.2890625,False,False,14
468,miner,p18,asp2-reg-4h,asp,True,True,62.978877045214176,472.08984375,False,False,19
469,miner,p18,asp2-reg-undo-4h,asp,True,True,86.87087627919391,347.03125,False,False,19
470,miner,p18,asp2-reg-kb-4h,asp,True,True,67.00489812996238,364.58203125,False,False,19
480,miner,p26,asp2-reg-4h,asp,True,True,156.5151478210464,615.1953125,False,False,19
481,miner,p26,asp2-reg-undo-4h,asp,True,True,166.28824468282983,774.6015625,False,False,19
482,miner,p26,asp2-reg-kb-4h,asp,True,True,125.56855286518112,683.12109375,False,False,19
492,miner,p30,asp2-reg-4h,asp,True,True,86.75272953417152,506.40234375,False,False,17
493,miner,p30,asp2-reg-undo-4h,asp,True,True,124.32886120537296,701.80078125,False,False,17
494,miner,p30,asp2-reg-kb-4h,asp,True,True,97.83736188709736,455.390625,False,False,17
504,miner,p27,asp2-reg-4h,asp,True,True,321.97468617372215,891.9765625,False,False,22
505,miner,p27,asp2-reg-undo-4h,asp,True,True,348.261317782104,1135.6328125,False,False,22
506,miner,p27,asp2-reg-kb-4h,asp,True,True,213.21925291139632,987.80078125,False,False,22
516,miner,p42,asp2-reg-4h,asp,True,True,359.07788555603474,1143.59765625,False,False,21
517,miner,p42,asp2-reg-undo-4h,asp,True,True,412.8971441611648,1445.19140625,False,False,21
518,miner,p42,asp2-reg-kb-4h,asp,True,True,295.8562114103697,1239.48046875,False,False,21
528,miner,p36,asp2-reg-4h,asp,True,True,165.18213604111224,589.984375,False,False,19
529,miner,p36,asp2-reg-undo-4h,asp,True,True,245.3822192410007,995.00390625,False,False,19
530,miner,p36,asp2-reg-kb-4h,asp,True,True,170.5814885222353,581.67578125,False,False,19
540,miner,p41,asp2-reg-4h,asp,True,True,369.99671568814665,1198.2265625,False,False,22
541,miner,p41,asp2-reg-undo-4h,asp,True,True,414.7575155380182,1527.1796875,False,False,22
542,miner,p41,asp2-reg-kb-4h,asp,True,True,301.93276047194377,1331.9453125,False,False,22
552,miner,p49,asp2-reg-4h,asp,True,True,1841.4753307569767,2523.3515625,False,False,28
553,miner,p49,asp2-reg-undo-4h,asp,True,True,1543.816772466991,3169.84375,False,False,28
554,miner,p49,asp2-reg-kb-4h,asp,True,True,951.6018794598058,2787.02734375,False,False,28
564,miner,p24,asp2-reg-4h,asp,True,True,384.3127890052274,1037.8828125,False,False,22
565,miner,p24,asp2-reg-undo-4h,asp,True,True,391.7540159020573,1322.03515625,False,False,22
566,miner,p24,asp2-reg-kb-4h,asp,True,True,264.7309430590831,732.1484375,False,False,22
576,miner,p07,asp2-reg-4h,asp,True,True,56.277741325087845,177.0234375,False,False,20
577,miner,p07,asp2-reg-undo-4h,asp,True,True,66.651714195963,511.765625,False,False,20
578,miner,p07,asp2-reg-kb-4h,asp,True,True,65.51912018610165,395.9375,False,False,20
588,miner,p09,asp2-reg-4h,asp,True,True,52.27824128419161,362.83984375,False,False,19
589,miner,p09,asp2-reg-undo-4h,asp,True,True,65.18452825769782,461.953125,False,False,19
590,miner,p09,asp2-reg-kb-4h,asp,True,True,70.43636665679514,168.875,False,False,19
600,miner,p23,asp2-reg-4h,asp,True,True,247.385184426792,799.83203125,False,False,22
601,miner,p23,asp2-reg-undo-4h,asp,True,True,266.988524004817,1027.390625,False,False,22
602,miner,p23,asp2-reg-kb-4h,asp,True,True,173.60620323522016,744.56640625,False,False,22
612,miner,p12,asp2-reg-4h,asp,True,True,22.40345350280404,1.0625,False,False,17
613,miner,p12,asp2-reg-undo-4h,asp,True,True,26.94248170079664,1.11328125,False,False,17
614,miner,p12,asp2-reg-kb-4h,asp,True,True,32.804268727079034,222.734375,False,False,17
624,miner,p08,asp2-reg-4h,asp,True,True,37.91026582289487,64.90234375,False,False,18
625,miner,p08,asp2-reg-undo-4h,asp,True,True,48.04212737409398,313.375,False,False,18
626,miner,p08,asp2-reg-kb-4h,asp,True,True,47.04777758428827,247.671875,False,False,18
636,miner,p15,asp2-reg-4h,asp,True,True,83.03780242335051,460.98046875,False,False,20
637,miner,p15,asp2-reg-undo-4h,asp,True,True,87.21571909822524,394.2734375,False,False,20
638,miner,p15,asp2-reg-kb-4h,asp,True,True,86.09487567096949,469.37109375,False,False,20
648,miner,p47,asp2-reg-4h,asp,True,True,1298.7179204979911,2443.56640625,False,False,25
649,miner,p47,asp2-reg-undo-4h,asp,True,True,1226.7813638849184,3065.59765625,False,False,25
650,miner,p47,asp2-reg-kb-4h,asp,True,True,877.5920421341434,3056.92578125,False,False,25
660,miner,p02,asp2-reg-4h,asp,True,True,4.072253609076142,0.89453125,False,False,15
661,miner,p02,asp2-reg-undo-4h,asp,True,True,5.280502003151923,2.5546875,False,False,15
662,miner,p02,asp2-reg-kb-4h,asp,True,True,5.496970806270838,0.90234375,False,False,15
672,miner,p10,asp2-reg-4h,asp,True,True,36.3409292306751,257.79296875,False,False,17
673,miner,p10,asp2-reg-undo-4h,asp,True,True,45.81210671225563,160.45703125,False,False,17
674,miner,p10,asp2-reg-kb-4h,asp,True,True,49.96865471731872,131.8671875,False,False,17
684,miner,p38,asp2-reg-4h,asp,True,True,590.8329181885347,1559.33984375,False,False,22
685,miner,p38,asp2-reg-undo-4h,asp,True,True,780.5196333420463,1963.75390625,False,False,22
686,miner,p38,asp2-reg-kb-4h,asp,True,True,475.9975332529284,1601.35546875,False,False,22
696,miner,p40,asp2-reg-4h,asp,True,True,492.7290531592444,1304.55078125,False,False,23
697,miner,p40,asp2-reg-undo-4h,asp,True,True,559.7628556299023,1682.49609375,False,False,23
698,miner,p40,asp2-reg-kb-4h,asp,True,True,386.63965951791033,1365.66796875,False,False,23
708,miner,p46,asp2-reg-4h,asp,True,True,1282.496621446684,2184.99609375,False,False,26
709,miner,p46,asp2-reg-undo-4h,asp,True,True,1273.9403231921606,2747.41796875,False,False,26
710,miner,p46,asp2-reg-kb-4h,asp,True,True,788.5351415858604,2447.08203125,False,False,26
720,miner,p32,asp2-reg-4h,asp,True,True,675.7543626353145,1503.09765625,False,False,24
721,miner,p32,asp2-reg-undo-4h,asp,True,True,759.7572171511129,1916.1328125,False,False,24
722,miner,p32,asp2-reg-kb-4h,asp,True,True,471.0559954000637,1437.7421875,False,False,24
732,miner,p05,asp2-reg-4h,asp,True,True,21.47933009918779,1.0546875,False,False,19
733,miner,p05,asp2-reg-undo-4h,asp,True,True,28.34973887028173,1.28125,False,False,19
734,miner,p05,asp2-reg-kb-4h,asp,True,True,27.259577091783285,1.26953125,False,False,19
744,miner,p34,asp2-reg-4h,asp,True,True,258.5657643089071,806.2734375,False,False,20
745,miner,p34,asp2-reg-undo-4h,asp,True,True,286.43323274794966,1024.859375,False,False,20
746,miner,p34,asp2-reg-kb-4h,asp,True,True,186.7492167619057,893.6953125,False,False,20
756,miner,p33,asp2-reg-4h,asp,True,True,374.4764294968918,1168.58984375,False,False,22
757,miner,p33,asp2-reg-undo-4h,asp,True,True,444.3476449511945,1514.91015625,False,False,22
758,miner,p33,asp2-reg-kb-4h,asp,True,True,278.27147950977087,1331.08984375,False,False,22
768,miner,p45,asp2-reg-4h,asp,True,True,1689.9589452911168,3128.13671875,False,False,28
769,miner,p45,asp2-reg-undo-4h,asp,True,True,1797.279124113731,3982.80078125,False,False,28
770,miner,p45,asp2-reg-kb-4h,asp,True,True,1182.9301252379082,3486.51171875,False,False,28
780,miner,p28,asp2-reg-4h,asp,True,True,245.3347693476826,800.63671875,False,False,22
781,miner,p28,asp2-reg-undo-4h,asp,True,True,289.1842221929692,1031.68359375,False,False,22
782,miner,p28,asp2-reg-kb-4h,asp,True,True,190.80720245698467,757.61328125,False,False,22
792,miner,p43,asp2-reg-4h,asp,True,True,560.5977001432329,1437.296875,False,False,22
793,miner,p43,asp2-reg-undo-4h,asp,True,True,576.2033440200612,1821.85546875,False,False,22
794,miner,p43,asp2-reg-kb-4h,asp,True,True,415.6890822243877,1497.8046875,False,False,22
804,miner,p39,asp2-reg-4h,asp,True,True,787.0038341870531,1818.296875,False,False,24
805,miner,p39,asp2-reg-undo-4h,asp,True,True,886.639253535308,2279.453125,False,False,24
806,miner,p39,asp2-reg-kb-4h,asp,True,True,578.8685351028107,1996.44140625,False,False,24
816,miner,p21,asp2-reg-4h,asp,True,True,242.9015605468303,731.296875,False,False,23
817,miner,p21,asp2-reg-undo-4h,asp,True,True,270.9802266629413,921.3203125,False,False,23
818,miner,p21,asp2-reg-kb-4h,asp,True,True,154.34303187998012,814.91796875,False,False,23
828,miner,p11,asp2-reg-4h,asp,True,True,40.8832635357976,332.77734375,False,False,19
829,miner,p11,asp2-reg-undo-4h,asp,True,True,52.99280388094485,253.265625,False,False,19
830,miner,p11,asp2-reg-kb-4h,asp,True,True,53.59801461268216,151.55078125,False,False,19
840,miner,p51,asp2-reg-4h,asp,True,True,1909.352137543261,3330.52734375,False,False,25
852,miner,p31,asp2-reg-4h,asp,True,True,103.63683467917144,477.875,False,False,19
853,miner,p31,asp2-reg-undo-4h,asp,True,True,133.11762778181583,615.546875,False,False,19
854,miner,p31,asp2-reg-kb-4h,asp,True,True,103.60486110625789,352.53515625,False,False,19
864,miner,p37,asp2-reg-4h,asp,True,True,296.9695722395554,938.484375,False,False,21
865,miner,p37,asp2-reg-undo-4h,asp,True,True,348.3082795701921,1193.62109375,False,False,21
866,miner,p37,asp2-reg-kb-4h,asp,True,True,240.8237050618045,996.08203125,False,False,21
876,miner,p19,asp2-reg-4h,asp,True,True,182.57294992450625,846.00390625,False,False,21
877,miner,p19,asp2-reg-undo-4h,asp,True,True,228.63701916020364,1074.3125,False,False,21
878,miner,p19,asp2-reg-kb-4h,asp,True,True,173.35614668624476,701.03125,False,False,21
888,miner,p04,asp2-reg-4h,asp,True,True,19.99970574490726,1.14453125,False,False,17
889,miner,p04,asp2-reg-undo-4h,asp,True,True,28.27866694377736,1.16796875,False,False,17
890,miner,p04,asp2-reg-kb-4h,asp,True,True,28.929419110063463,1.11328125,False,False,17
899,doors,p06,asp2-reg-4h,asp,True,True,14.374462678097188,1.3984375,False,False,15
907,doors,p01,asp2-reg-4h,asp,True,True,1.071949596516788,1.3671875,False,False,5
915,doors,p13,asp2-reg-4h,asp,True,True,3917.281041100621,276.71484375,False,False,29
923,doors,p14,asp2-reg-4h,asp,True,True,5992.092417770997,323.78515625,False,False,31
931,doors,p03,asp2-reg-4h,asp,True,True,1.294403724372387,1.51171875,False,False,9
939,doors,p07,asp2-reg-4h,asp,True,True,35.30218219012022,110.6953125,False,False,17
947,doors,p09,asp2-reg-4h,asp,True,True,266.0961436722428,151.44921875,False,False,21
955,doors,p12,asp2-reg-4h,asp,True,True,1693.5409033335743,235.078125,False,False,27
963,doors,p08,asp2-reg-4h,asp,True,True,87.11157860606909,122.17578125,False,False,19
970,doors,p15,asp2-reg-4h,asp,True,True,8737.310455773957,370.77734375,False,False,33
978,doors,p02,asp2-reg-4h,asp,True,True,1.1442831447348,1.48828125,False,False,7
986,doors,p10,asp2-reg-4h,asp,True,True,532.6554790874943,174.30859375,False,False,23
994,doors,p05,asp2-reg-4h,asp,True,True,4.301871929317713,1.09765625,False,False,13
1002,doors,p11,asp2-reg-4h,asp,True,True,1001.5303630949928,207.38671875,False,False,25
1010,doors,p04,asp2-reg-4h,asp,True,True,1.803083590231836,1.0859375,False,False,11
1761,islands,p50,asp2-reg-4h,asp,True,True,8.674425950273871,0.8984375,False,False,12
1762,islands,p50,asp2-reg-undo-4h,asp,True,True,11.996432460378855,1.10546875,False,False,12
1771,islands,p20,asp2-reg-4h,asp,True,True,1.5261676330119371,1.1953125,False,False,6
1772,islands,p20,asp2-reg-undo-4h,asp,True,True,2.137397811282426,1.171875,False,False,6
1781,islands,p35,asp2-reg-4h,asp,True,True,5.029677417129278,1.109375,False,False,8
1782,islands,p35,asp2-reg-undo-4h,asp,True,True,12.611431448720396,1.15625,False,False,8
1791,islands,p48,asp2-reg-4h,asp,True,True,19.020865318365395,0.94140625,False,False,10
1792,islands,p48,asp2-reg-undo-4h,asp,True,True,58.858168551232666,849.9453125,False,False,10
1801,islands,p22,asp2-reg-4h,asp,True,True,1.5710981171578169,0.93359375,False,False,6
1802,islands,p22,asp2-reg-undo-4h,asp,True,True,2.8711244170553982,1.11328125,False,False,6
1811,islands,p29,asp2-reg-4h,asp,True,True,2.291652054525912,1.1796875,False,False,8
1812,islands,p29,asp2-reg-undo-4h,asp,True,True,3.832871356979013,1.3203125,False,False,8
1821,islands,p25,asp2-reg-4h,asp,True,True,1.0789884170517323,1.3203125,False,False,8
1822,islands,p25,asp2-reg-undo-4h,asp,True,True,1.1950524598360062,0.86328125,False,False,8
1831,islands,p44,asp2-reg-4h,asp,True,True,14.025752727873623,0.90625,False,False,10
1832,islands,p44,asp2-reg-undo-4h,asp,True,True,26.50785840395838,0.890625,False,False,10
1841,islands,p58,asp2-reg-4h,asp,True,True,72.56713326927274,404.6015625,False,False,12
1842,islands,p58,asp2-reg-undo-4h,asp,True,True,125.04268736112864,1127.98046875,False,False,12
1851,islands,p06,asp2-reg-4h,asp,True,True,0.9658905835822224,0.92578125,False,False,5
1852,islands,p06,asp2-reg-undo-4h,asp,True,True,1.1162513471208513,0.921875,False,False,5
1861,islands,p01,asp2-reg-4h,asp,True,True,1.0399173656478524,1.20703125,False,False,5
1862,islands,p01,asp2-reg-undo-4h,asp,True,True,0.9753931569866836,0.890625,False,False,5
1871,islands,p17,asp2-reg-4h,asp,True,True,1.0224701520055532,1.1328125,False,False,6
1872,islands,p17,asp2-reg-undo-4h,asp,True,True,1.3838570560328662,1.21875,False,False,6
1881,islands,p13,asp2-reg-4h,asp,True,True,0.9712730264291168,0.71484375,False,False,6
1882,islands,p13,asp2-reg-undo-4h,asp,True,True,0.9979472132399678,1.12890625,False,False,6
1891,islands,p16,asp2-reg-4h,asp,True,True,1.090089346282184,0.91796875,False,False,6
1892,islands,p16,asp2-reg-undo-4h,asp,True,True,1.206792983226478,1.109375,False,False,6
1901,islands,p14,asp2-reg-4h,asp,True,True,1.0528111420571804,0.9296875,False,False,6
1902,islands,p14,asp2-reg-undo-4h,asp,True,True,1.0774643756449225,1.296875,False,False,6
1911,islands,p03,asp2-reg-4h,asp,True,True,0.960640792734921,1.015625,False,False,5
1912,islands,p03,asp2-reg-undo-4h,asp,True,True,1.0009839539416134,1.28125,False,False,5
1921,islands,p18,asp2-reg-4h,asp,True,True,1.19858468323946,1.7265625,False,False,6
1922,islands,p18,asp2-reg-undo-4h,asp,True,True,1.69673346914351,0.9453125,False,False,6
1931,islands,p26,asp2-reg-4h,asp,True,True,1.4417856391519308,0.96875,False,False,8
1932,islands,p26,asp2-reg-undo-4h,asp,True,True,1.8386469352990389,1.2890625,False,False,8
1941,islands,p30,asp2-reg-4h,asp,True,True,2.6861800886690617,1.47265625,False,False,8
1942,islands,p30,asp2-reg-undo-4h,asp,True,True,5.242079559713602,1.18359375,False,False,8
1951,islands,p27,asp2-reg-4h,asp,True,True,1.6297836797311902,1.33984375,False,False,8
1952,islands,p27,asp2-reg-undo-4h,asp,True,True,2.357741732615977,1.22265625,False,False,8
1961,islands,p52,asp2-reg-4h,asp,True,True,19.869792852550745,1.140625,False,False,12
1962,islands,p52,asp2-reg-undo-4h,asp,True,True,31.910850283224136,247.3984375,False,False,12
1971,islands,p42,asp2-reg-4h,asp,True,True,8.365918692201376,1.0859375,False,False,10
1972,islands,p42,asp2-reg-undo-4h,asp,True,True,17.842909111175686,0.88671875,False,False,10
1981,islands,p36,asp2-reg-4h,asp,True,True,4.999519649893045,0.9765625,False,False,8
1982,islands,p36,asp2-reg-undo-4h,asp,True,True,13.743314302992076,0.75390625,False,False,8
1991,islands,p56,asp2-reg-4h,asp,True,True,41.11450020689517,301.76953125,False,False,12
1992,islands,p56,asp2-reg-undo-4h,asp,True,True,103.68231057329103,1174.8984375,False,False,12
2001,islands,p41,asp2-reg-4h,asp,True,True,6.677924220450223,1.2109375,False,False,10
2002,islands,p41,asp2-reg-undo-4h,asp,True,True,12.894927341025324,1.09765625,False,False,10
2011,islands,p49,asp2-reg-4h,asp,True,True,3.3253968376666307,0.77734375,False,False,12
2012,islands,p49,asp2-reg-undo-4h,asp,True,True,4.27739932294935,1.1171875,False,False,12
2021,islands,p57,asp2-reg-4h,asp,True,True,51.86733862943947,331.17578125,False,False,12
2022,islands,p57,asp2-reg-undo-4h,asp,True,True,137.86116118822247,824.6328125,False,False,12
2031,islands,p24,asp2-reg-4h,asp,True,True,1.6361652603372931,1.171875,False,False,6
2032,islands,p24,asp2-reg-undo-4h,asp,True,True,4.025606667157263,1.08203125,False,False,6
2041,islands,p07,asp2-reg-4h,asp,True,True,1.0321567384526134,1.5078125,False,False,5
2042,islands,p07,asp2-reg-undo-4h,asp,True,True,1.191949469037354,1.23046875,False,False,5
2051,islands,p09,asp2-reg-4h,asp,True,True,1.2264338629320264,1.0859375,False,False,5
2052,islands,p09,asp2-reg-undo-4h,asp,True,True,1.3645907351747155,1.28125,False,False,5
2061,islands,p23,asp2-reg-4h,asp,True,True,1.6491598365828395,1.47265625,False,False,6
2062,islands,p23,asp2-reg-undo-4h,asp,True,True,3.4603834240697324,1.28125,False,False,6
2071,islands,p12,asp2-reg-4h,asp,True,True,1.3502824679017067,1.04296875,False,False,5
2072,islands,p12,asp2-reg-undo-4h,asp,True,True,1.4050411889329553,1.1328125,False,False,5
2081,islands,p08,asp2-reg-4h,asp,True,True,1.0755188539624214,1.02734375,False,False,5
2082,islands,p08,asp2-reg-undo-4h,asp,True,True,1.1458541071042418,1.0546875,False,False,5
2091,islands,p15,asp2-reg-4h,asp,True,True,1.2078035110607743,0.890625,False,False,6
2092,islands,p15,asp2-reg-undo-4h,asp,True,True,1.1397104910574851,0.89453125,False,False,6
2101,islands,p47,asp2-reg-4h,asp,True,True,16.227334324270487,0.89453125,False,False,10
2102,islands,p47,asp2-reg-undo-4h,asp,True,True,50.07926857890561,151.9375,False,False,10
2111,islands,p02,asp2-reg-4h,asp,True,True,0.8966111252084374,1.0703125,False,False,5
2112,islands,p02,asp2-reg-undo-4h,asp,True,True,0.9252777840010822,0.69140625,False,False,5
2121,islands,p10,asp2-reg-4h,asp,True,True,1.0187611728906631,1.01171875,False,False,5
2122,islands,p10,asp2-reg-undo-4h,asp,True,True,1.2833236907608807,1.3046875,False,False,5
2131,islands,p38,asp2-reg-4h,asp,True,True,2.936795111745596,0.73046875,False,False,10
2132,islands,p38,asp2-reg-undo-4h,asp,True,True,4.049953852780163,1.10546875,False,False,10
2141,islands,p60,asp2-reg-4h,asp,True,True,92.59708556625992,469.85546875,False,False,12
2142,islands,p60,asp2-reg-undo-4h,asp,True,True,200.86432969430464,1495.1484375,False,False,12
2151,islands,p40,asp2-reg-4h,asp,True,True,5.748875270597637,1.2109375,False,False,10
2152,islands,p40,asp2-reg-undo-4h,asp,True,True,9.008370601106437,0.87890625,False,False,10
2161,islands,p46,asp2-reg-4h,asp,True,True,15.857805048115551,1.06640625,False,False,10
2162,islands,p46,asp2-reg-undo-4h,asp,True,True,40.75433307187632,129.52734375,False,False,10
2171,islands,p54,asp2-reg-4h,asp,True,True,29.333112913183868,0.99609375,False,False,12
2172,islands,p54,asp2-reg-undo-4h,asp,True,True,60.84841967001557,336.04296875,False,False,12
2181,islands,p32,asp2-reg-4h,asp,True,True,3.6869224943220615,0.92578125,False,False,8
2182,islands,p32,asp2-reg-undo-4h,asp,True,True,7.770663348957896,1.16796875,False,False,8
2191,islands,p05,asp2-reg-4h,asp,True,True,0.971930974163115,1.06640625,False,False,5
2192,islands,p05,asp2-reg-undo-4h,asp,True,True,1.06794941611588,0.90625,False,False,5
2201,islands,p53,asp2-reg-4h,asp,True,True,24.109814441762865,1.03125,False,False,12
2202,islands,p53,asp2-reg-undo-4h,asp,True,True,42.98701904062182,257.44140625,False,False,12
2211,islands,p59,asp2-reg-4h,asp,True,True,74.90126052871346,338.86328125,False,False,12
2212,islands,p59,asp2-reg-undo-4h,asp,True,True,173.65331559395418,1944.99609375,False,False,12
2221,islands,p34,asp2-reg-4h,asp,True,True,4.182928469032049,0.96875,False,False,8
2222,islands,p34,asp2-reg-undo-4h,asp,True,True,10.703451110981405,0.71875,False,False,8
2231,islands,p33,asp2-reg-4h,asp,True,True,4.201203431002796,1.015625,False,False,8
2232,islands,p33,asp2-reg-undo-4h,asp,True,True,9.578873082064092,0.6875,False,False,8
2241,islands,p45,asp2-reg-4h,asp,True,True,13.123643992468716,0.96875,False,False,10
2242,islands,p45,asp2-reg-undo-4h,asp,True,True,36.614647834561765,236.07421875,False,False,10
2251,islands,p28,asp2-reg-4h,asp,True,True,2.107221477665007,0.91015625,False,False,8
2252,islands,p28,asp2-reg-undo-4h,asp,True,True,2.866387637797743,1.140625,False,False,8
2261,islands,p43,asp2-reg-4h,asp,True,True,12.04035619739443,1.578125,False,False,10
2262,islands,p43,asp2-reg-undo-4h,asp,True,True,22.728287999052554,1.04296875,False,False,10
2271,islands,p39,asp2-reg-4h,asp,True,True,4.407344685867429,1.078125,False,False,10
2272,islands,p39,asp2-reg-undo-4h,asp,True,True,6.157042284030467,0.7578125,False,False,10
2281,islands,p21,asp2-reg-4h,asp,True,True,1.4283318677917125,1.07421875,False,False,6
2282,islands,p21,asp2-reg-undo-4h,asp,True,True,2.49908036692068,0.921875,False,False,6
2291,islands,p11,asp2-reg-4h,asp,True,True,1.236652315594256,1.1875,False,False,5
2292,islands,p11,asp2-reg-undo-4h,asp,True,True,1.4399362509138882,1.0859375,False,False,5
2301,islands,p55,asp2-reg-4h,asp,True,True,42.243985819630325,138.50390625,False,False,12
2302,islands,p55,asp2-reg-undo-4h,asp,True,True,82.95112984394655,333.59765625,False,False,12
2311,islands,p51,asp2-reg-4h,asp,True,True,15.185377468355,0.9296875,False,False,12
2312,islands,p51,asp2-reg-undo-4h,asp,True,True,19.95256821298972,0.83984375,False,False,12
2321,islands,p31,asp2-reg-4h,asp,True,True,2.902643298730254,0.77734375,False,False,8
2322,islands,p31,asp2-reg-undo-4h,asp,True,True,6.4641574448905885,0.72265625,False,False,8
2331,islands,p37,asp2-reg-4h,asp,True,True,1.6160835344344378,1.1875,False,False,10
2332,islands,p37,asp2-reg-undo-4h,asp,True,True,2.006881420034915,1.23046875,False,False,10
2341,islands,p19,asp2-reg-4h,asp,True,True,1.1940947696566582,1.484375,False,False,6
2342,islands,p19,asp2-reg-undo-4h,asp,True,True,1.8323566396720707,1.09765625,False,False,6
2351,islands,p04,asp2-reg-4h,asp,True,True,0.9781706416979432,1.109375,False,False,5
2352,islands,p04,asp2-reg-undo-4h,asp,True,True,1.0407649311237035,0.89453125,False,False,5
2719,first-responders-ipc08,p06,asp2-reg-4h,asp,True,True,1.6131521668285131,1.05078125,False,False,9
2720,first-responders-ipc08,p06,asp2-reg-undo-4h,asp,True,True,1.637988341972232,1.30078125,False,False,9
2778,first-responders-ipc08,p03,asp2-reg-4h,asp,True,True,0.8029153170064092,0.97265625,False,False,6
2779,first-responders-ipc08,p03,asp2-reg-undo-4h,asp,True,True,1.1754239480942488,1.28515625,False,False,6
2858,first-responders-ipc08,p07,asp2-reg-4h,asp,True,True,2.550648596137762,1.3828125,False,False,10
2859,first-responders-ipc08,p07,asp2-reg-undo-4h,asp,True,True,3.206889070104808,1.1640625,False,False,10
2875,first-responders-ipc08,p103,asp2-reg-4h,asp,True,True,14127.96979337372,309.79296875,False,False,14
2876,first-responders-ipc08,p103,asp2-reg-undo-4h,asp,True,True,10404.130712778307,336.1640625,False,False,14
2913,first-responders-ipc08,p08,asp2-reg-4h,asp,True,True,18.87053235899657,1.66796875,False,False,11
2914,first-responders-ipc08,p08,asp2-reg-undo-4h,asp,True,True,13.607963571790606,1.25390625,False,False,11
2944,first-responders-ipc08,p02,asp2-reg-4h,asp,True,True,1.039597239345312,1.1640625,False,False,5
2945,first-responders-ipc08,p02,asp2-reg-undo-4h,asp,True,True,1.129481878131628,1.33203125,False,False,5
2989,first-responders-ipc08,p10,asp2-reg-4h,asp,True,True,350.44114848505706,96.4453125,False,False,13
2990,first-responders-ipc08,p10,asp2-reg-undo-4h,asp,True,True,247.5307461582124,95.59375,False,False,13
3085,first-responders-ipc08,p05,asp2-reg-4h,asp,True,True,1.0719961542636156,1.16015625,False,False,8
3086,first-responders-ipc08,p05,asp2-reg-undo-4h,asp,True,True,1.210809723008424,1.078125,False,False,8
3116,first-responders-ipc08,p102,asp2-reg-4h,asp,True,True,2.8858836917206645,1.05078125,False,False,7
3117,first-responders-ipc08,p102,asp2-reg-undo-4h,asp,True,True,4.921532255131751,1.0859375,False,False,7
3133,first-responders-ipc08,p101,asp2-reg-4h,asp,True,True,2.3368497537449,0.99609375,False,False,5
3134,first-responders-ipc08,p101,asp2-reg-undo-4h,asp,True,True,6.631156899034977,0.87109375,False,False,5
3227,first-responders-ipc08,p04,asp2-reg-4h,asp,True,True,1.1264841314405205,1.71875,False,False,7
3228,first-responders-ipc08,p04,asp2-reg-undo-4h,asp,True,True,0.9282727078534664,1.23828125,False,False,7
3327,spiky-tireworld,p06,asp2-reg-4h,asp,True,True,4269.01817197632,358.890625,False,False,23
3328,spiky-tireworld,p06,asp2-reg-undo-4h,asp,True,True,189.4538125111721,394.76171875,False,False,23
3329,spiky-tireworld,p06,asp2-reg-kb-4h,asp,True,True,235.35979144694284,365.37890625,False,False,23
3338,spiky-tireworld,p01,asp2-reg-4h,asp,True,True,643.7003288902342,207.5390625,False,False,23
3339,spiky-tireworld,p01,asp2-reg-undo-4h,asp,True,True,42.88624791102484,201.59375,False,False,23
3340,spiky-tireworld,p01,asp2-reg-kb-4h,asp,True,True,53.22952294303104,109.16015625,False,False,23
3349,spiky-tireworld,p03,asp2-reg-4h,asp,True,True,1571.6018458241597,277.046875,False,False,23
3350,spiky-tireworld,p03,asp2-reg-undo-4h,asp,True,True,82.73542109876871,267.14453125,False,False,23
3351,spiky-tireworld,p03,asp2-reg-kb-4h,asp,True,True,78.69159755995497,267.08984375,False,False,23
3360,spiky-tireworld,p07,asp2-reg-4h,asp,True,True,7683.413037726656,423.98828125,False,False,23
3361,spiky-tireworld,p07,asp2-reg-undo-4h,asp,True,True,231.21992009459063,419.7109375,False,False,23
3362,spiky-tireworld,p07,asp2-reg-kb-4h,asp,True,True,255.7426612488925,420.41015625,False,False,23
3371,spiky-tireworld,p09,asp2-reg-4h,asp,True,True,6581.289706993848,487.46484375,False,False,23
3372,spiky-tireworld,p09,asp2-reg-undo-4h,asp,True,True,357.0338819832541,464.32421875,False,False,23
3373,spiky-tireworld,p09,asp2-reg-kb-4h,asp,True,True,357.25264048110694,502.07421875,False,False,23
3382,spiky-tireworld,p08,asp2-reg-4h,asp,True,True,5944.98775135912,444.0234375,False,False,23
3383,spiky-tireworld,p08,asp2-reg-undo-4h,asp,True,True,319.6619021981023,457.73828125,False,False,23
3384,spiky-tireworld,p08,asp2-reg-kb-4h,asp,True,True,398.4044470391236,472.21875,False,False,23
3393,spiky-tireworld,p02,asp2-reg-4h,asp,True,True,1412.9766295244915,249.46484375,False,False,23
3394,spiky-tireworld,p02,asp2-reg-undo-4h,asp,True,True,69.02426035609096,217.0625,False,False,23
3395,spiky-tireworld,p02,asp2-reg-kb-4h,asp,True,True,59.75772122293711,219.09765625,False,False,23
3403,spiky-tireworld,p10,asp2-reg-undo-4h,asp,True,True,453.5551251047291,555.61328125,False,False,23
3404,spiky-tireworld,p10,asp2-reg-kb-4h,asp,True,True,364.0537952417508,538.2265625,False,False,23
3413,spiky-tireworld,p05,asp2-reg-4h,asp,True,True,3566.677858880721,343.953125,False,False,23
3414,spiky-tireworld,p05,asp2-reg-undo-4h,asp,True,True,163.47528713289648,362.98828125,False,False,23
3415,spiky-tireworld,p05,asp2-reg-kb-4h,asp,True,True,155.8343117479235,353.6953125,False,False,23
3423,spiky-tireworld,p11,asp2-reg-undo-4h,asp,True,True,1877.5522537804209,829.8125,False,False,27
3424,spiky-tireworld,p11,asp2-reg-kb-4h,asp,True,True,1356.258434274234,789.39453125,False,False,27
3433,spiky-tireworld,p04,asp2-reg-4h,asp,True,True,114.47667159419508,131.796875,False,False,23
3434,spiky-tireworld,p04,asp2-reg-undo-4h,asp,True,True,9.963179409038275,1.09375,False,False,23
3435,spiky-tireworld,p04,asp2-reg-kb-4h,asp,True,True,11.134972573723644,1.1875,False,False,23
3444,tireworld-truck,p50,asp2-reg-4h,asp,True,True,632.0806407742202,151.6953125,False,False,20
3445,tireworld-truck,p50,asp2-reg-undo-4h,asp,True,True,462.5837813047692,161.30859375,False,False,20
3454,tireworld-truck,p20,asp2-reg-4h,asp,True,True,3.662883606739342,1.66796875,False,False,14
3455,tireworld-truck,p20,asp2-reg-undo-4h,asp,True,True,3.708944017067552,1.3046875,False,False,14
3464,tireworld-truck,p35,asp2-reg-4h,asp,True,True,2.4593443730846047,1.08984375,False,False,15
3465,tireworld-truck,p35,asp2-reg-undo-4h,asp,True,True,3.0913901031017303,0.86328125,False,False,15
3474,tireworld-truck,p48,asp2-reg-4h,asp,True,True,318.0582956923172,135.94921875,False,False,18
3475,tireworld-truck,p48,asp2-reg-undo-4h,asp,True,True,240.8159529929981,144.54296875,False,False,18
3484,tireworld-truck,p22,asp2-reg-4h,asp,True,True,2.391275618225336,1.1328125,False,False,12
3485,tireworld-truck,p22,asp2-reg-undo-4h,asp,True,True,2.9951309841126204,0.93359375,False,False,12
3494,tireworld-truck,p29,asp2-reg-4h,asp,True,True,98.54849297367036,121.578125,False,False,17
3495,tireworld-truck,p29,asp2-reg-undo-4h,asp,True,True,109.82179648196325,127.578125,False,False,17
3504,tireworld-truck,p25,asp2-reg-4h,asp,True,True,2.9370364686474204,1.18359375,False,False,12
3505,tireworld-truck,p25,asp2-reg-undo-4h,asp,True,True,3.135646136943251,0.7265625,False,False,12
3514,tireworld-truck,p44,asp2-reg-4h,asp,True,True,9.896239536814392,1.44921875,False,False,15
3515,tireworld-truck,p44,asp2-reg-undo-4h,asp,True,True,13.090313877910376,0.6953125,False,False,15
3524,tireworld-truck,p58,asp2-reg-4h,asp,True,True,2.681054441258312,1.02734375,False,False,14
3525,tireworld-truck,p58,asp2-reg-undo-4h,asp,True,True,2.3354289080016315,0.82421875,False,False,14
3534,tireworld-truck,p06,asp2-reg-4h,asp,True,True,1.1554299732670188,1.18359375,False,False,9
3535,tireworld-truck,p06,asp2-reg-undo-4h,asp,True,True,1.331942757125944,0.953125,False,False,9
3544,tireworld-truck,p66,asp2-reg-4h,asp,True,True,16.434321272186935,1.046875,False,False,16
3545,tireworld-truck,p66,asp2-reg-undo-4h,asp,True,True,24.27457533404231,0.80859375,False,False,16
3554,tireworld-truck,p01,asp2-reg-4h,asp,True,True,1.278472918085754,1.390625,False,False,11
3555,tireworld-truck,p01,asp2-reg-undo-4h,asp,True,True,1.2057905457913876,1.08984375,False,False,11
3564,tireworld-truck,p17,asp2-reg-4h,asp,True,True,1.3451176900416613,0.86328125,False,False,12
3565,tireworld-truck,p17,asp2-reg-undo-4h,asp,True,True,1.3462882339954376,0.7265625,False,False,12
3574,tireworld-truck,p13,asp2-reg-4h,asp,True,True,7.329470446333289,1.1328125,False,False,14
3575,tireworld-truck,p13,asp2-reg-undo-4h,asp,True,True,5.716751648113132,1.13671875,False,False,14
3584,tireworld-truck,p16,asp2-reg-4h,asp,True,True,0.9711325960233808,1.58203125,False,False,10
3585,tireworld-truck,p16,asp2-reg-undo-4h,asp,True,True,1.0406553130596876,1.2578125,False,False,10
3594,tireworld-truck,p72,asp2-reg-4h,asp,True,True,3783.1248061843216,209.8359375,False,False,23
3595,tireworld-truck,p72,asp2-reg-undo-4h,asp,True,True,1472.2088182480074,215.640625,False,False,23
3604,tireworld-truck,p14,asp2-reg-4h,asp,True,True,10.057273351587355,1.14453125,False,False,14
3605,tireworld-truck,p14,asp2-reg-undo-4h,asp,True,True,5.587338863871992,1.3046875,False,False,14
3614,tireworld-truck,p69,asp2-reg-4h,asp,True,True,41.30804885737598,121.6015625,False,False,17
3615,tireworld-truck,p69,asp2-reg-undo-4h,asp,True,True,62.15260886726901,140.98828125,False,False,17
3624,tireworld-truck,p03,asp2-reg-4h,asp,True,True,1.1308504762127995,1.1796875,False,False,9
3625,tireworld-truck,p03,asp2-reg-undo-4h,asp,True,True,1.2594999810680747,1.1953125,False,False,9
3634,tireworld-truck,p18,asp2-reg-4h,asp,True,True,1.5966186579316854,0.91015625,False,False,12
3635,tireworld-truck,p18,asp2-reg-undo-4h,asp,True,True,1.8523883810266848,1.12109375,False,False,12
3644,tireworld-truck,p26,asp2-reg-4h,asp,True,True,22.23631835076958,1.1640625,False,False,17
3645,tireworld-truck,p26,asp2-reg-undo-4h,asp,True,True,22.04539899807424,0.72265625,False,False,17
3654,tireworld-truck,p30,asp2-reg-4h,asp,True,True,107.06904338020831,126.52734375,False,False,17
3655,tireworld-truck,p30,asp2-reg-undo-4h,asp,True,True,118.65746542671695,134.23828125,False,False,17
3664,tireworld-truck,p27,asp2-reg-4h,asp,True,True,7.588448383845389,0.921875,False,False,15
3665,tireworld-truck,p27,asp2-reg-undo-4h,asp,True,True,9.688816942740232,1.2265625,False,False,15
3674,tireworld-truck,p52,asp2-reg-4h,asp,True,True,264.5475488435477,151.56640625,False,False,20
3675,tireworld-truck,p52,asp2-reg-undo-4h,asp,True,True,382.7970793102868,174.85546875,False,False,20
3684,tireworld-truck,p42,asp2-reg-4h,asp,True,True,18.39348156377673,1.34765625,False,False,17
3685,tireworld-truck,p42,asp2-reg-undo-4h,asp,True,True,23.98998691979796,0.8125,False,False,17
3694,tireworld-truck,p36,asp2-reg-4h,asp,True,True,4.356972859241068,1.6171875,False,False,15
3695,tireworld-truck,p36,asp2-reg-undo-4h,asp,True,True,4.7698437590152025,0.9375,False,False,15
3704,tireworld-truck,p56,asp2-reg-4h,asp,True,True,519.030149737373,156.484375,False,False,18
3705,tireworld-truck,p56,asp2-reg-undo-4h,asp,True,True,388.6186552853324,171.41796875,False,False,18
3714,tireworld-truck,p63,asp2-reg-4h,asp,True,True,18.326355318538845,1.05078125,False,False,16
3715,tireworld-truck,p63,asp2-reg-undo-4h,asp,True,True,19.032587596215308,1.2578125,False,False,16
3724,tireworld-truck,p41,asp2-reg-4h,asp,True,True,9.21333728916943,0.89453125,False,False,15
3725,tireworld-truck,p41,asp2-reg-undo-4h,asp,True,True,10.66460866620764,1.2890625,False,False,15
3734,tireworld-truck,p49,asp2-reg-4h,asp,True,True,115.68714099936189,126.52734375,False,False,18
3735,tireworld-truck,p49,asp2-reg-undo-4h,asp,True,True,97.87905252166092,140.0859375,False,False,18
3744,tireworld-truck,p57,asp2-reg-4h,asp,True,True,148.59732358064502,145.80078125,False,False,18
3745,tireworld-truck,p57,asp2-reg-undo-4h,asp,True,True,124.56133246282116,166.66015625,False,False,18
3754,tireworld-truck,p24,asp2-reg-4h,asp,True,True,4.5812313901260495,1.24609375,False,False,14
3755,tireworld-truck,p24,asp2-reg-undo-4h,asp,True,True,5.277374824043363,1.16015625,False,False,14
3764,tireworld-truck,p07,asp2-reg-4h,asp,True,True,1.372560815885663,0.8984375,False,False,9
3765,tireworld-truck,p07,asp2-reg-undo-4h,asp,True,True,1.356546876952052,0.890625,False,False,9
3774,tireworld-truck,p09,asp2-reg-4h,asp,True,True,1.8762594182044268,1.61328125,False,False,11
3775,tireworld-truck,p09,asp2-reg-undo-4h,asp,True,True,2.3922115634195507,0.88671875,False,False,11
3784,tireworld-truck,p73,asp2-reg-4h,asp,True,True,1103.4238988729194,199.09375,False,False,21
3785,tireworld-truck,p73,asp2-reg-undo-4h,asp,True,True,550.3906504218467,216.69140625,False,False,21
3794,tireworld-truck,p75,asp2-reg-4h,asp,True,True,75.75810087192804,145.66796875,False,False,17
3795,tireworld-truck,p75,asp2-reg-undo-4h,asp,True,True,87.45645332243294,163.05078125,False,False,17
3804,tireworld-truck,p23,asp2-reg-4h,asp,True,True,4.245509134605527,1.58984375,False,False,14
3805,tireworld-truck,p23,asp2-reg-undo-4h,asp,True,True,5.638042752165347,1.28515625,False,False,14
3814,tireworld-truck,p12,asp2-reg-4h,asp,True,True,5.133322010748088,1.05078125,False,False,14
3815,tireworld-truck,p12,asp2-reg-undo-4h,asp,True,True,5.236342173069716,1.16015625,False,False,14
3824,tireworld-truck,p08,asp2-reg-4h,asp,True,True,1.8855521567165847,0.8828125,False,False,11
3825,tireworld-truck,p08,asp2-reg-undo-4h,asp,True,True,2.1191018731333315,1.16015625,False,False,11
3834,tireworld-truck,p15,asp2-reg-4h,asp,True,True,12.844265471212566,1.07421875,False,False,14
3835,tireworld-truck,p15,asp2-reg-undo-4h,asp,True,True,13.26207803701982,1.08203125,False,False,14
3844,tireworld-truck,p47,asp2-reg-4h,asp,True,True,59.544257500208914,103.484375,False,False,18
3845,tireworld-truck,p47,asp2-reg-undo-4h,asp,True,True,63.41575340786949,114.765625,False,False,18
3854,tireworld-truck,p64,asp2-reg-4h,asp,True,True,49.76884632371366,135.61328125,False,False,18
3855,tireworld-truck,p64,asp2-reg-undo-4h,asp,True,True,48.18053087405861,117.453125,False,False,18
3864,tireworld-truck,p02,asp2-reg-4h,asp,True,True,1.0266055278480053,1.109375,False,False,9
3865,tireworld-truck,p02,asp2-reg-undo-4h,asp,True,True,1.0166233768686652,1.1015625,False,False,9
3874,tireworld-truck,p68,asp2-reg-4h,asp,True,True,336.47132532671094,130.6015625,False,False,21
3875,tireworld-truck,p68,asp2-reg-undo-4h,asp,True,True,343.415251925122,140.15625,False,False,21
3884,tireworld-truck,p70,asp2-reg-4h,asp,True,True,286.0823829472065,146.69140625,False,False,19
3885,tireworld-truck,p70,asp2-reg-undo-4h,asp,True,True,247.76417640270665,166.21875,False,False,19
3894,tireworld-truck,p65,asp2-reg-4h,asp,True,True,57.69556040409952,145.96875,False,False,18
3895,tireworld-truck,p65,asp2-reg-undo-4h,asp,True,True,55.357948787976056,161.43359375,False,False,18
3904,tireworld-truck,p38,asp2-reg-4h,asp,True,True,3.1207704497501254,1.421875,False,False,13
3905,tireworld-truck,p38,asp2-reg-undo-4h,asp,True,True,4.295453399885446,1.3046875,False,False,13
3914,tireworld-truck,p60,asp2-reg-4h,asp,True,True,8.438372586853802,0.9375,False,False,16
3915,tireworld-truck,p60,asp2-reg-undo-4h,asp,True,True,9.884638944640756,0.83203125,False,False,16
3924,tireworld-truck,p40,asp2-reg-4h,asp,True,True,13.913186238147318,1.3984375,False,False,17
3925,tireworld-truck,p40,asp2-reg-undo-4h,asp,True,True,18.532541589345783,0.83984375,False,False,17
3934,tireworld-truck,p67,asp2-reg-4h,asp,True,True,69.00802769139409,112.04296875,False,False,19
3935,tireworld-truck,p67,asp2-reg-undo-4h,asp,True,True,103.37265517516062,124.08203125,False,False,19
3944,tireworld-truck,p61,asp2-reg-4h,asp,True,True,4.669595254585147,1.12890625,False,False,14
3945,tireworld-truck,p61,asp2-reg-undo-4h,asp,True,True,5.367381901014596,1.29296875,False,False,14
3954,tireworld-truck,p71,asp2-reg-4h,asp,True,True,824.2100268015638,181.24609375,False,False,21
3955,tireworld-truck,p71,asp2-reg-undo-4h,asp,True,True,559.0662703630514,199.65234375,False,False,21
3964,tireworld-truck,p46,asp2-reg-4h,asp,True,True,10.222330885007976,1.18359375,False,False,16
3965,tireworld-truck,p46,asp2-reg-undo-4h,asp,True,True,12.249714297242464,1.12890625,False,False,16
3974,tireworld-truck,p54,asp2-reg-4h,asp,True,True,54.12384864222258,121.6875,False,False,16
3975,tireworld-truck,p54,asp2-reg-undo-4h,asp,True,True,46.7928851172328,118.453125,False,False,16
3984,tireworld-truck,p62,asp2-reg-4h,asp,True,True,15.72129166778177,0.8203125,False,False,16
3985,tireworld-truck,p62,asp2-reg-undo-4h,asp,True,True,20.4801463666372,1.16015625,False,False,16
3994,tireworld-truck,p32,asp2-reg-4h,asp,True,True,19.03602488338948,1.3828125,False,False,15
3995,tireworld-truck,p32,asp2-reg-undo-4h,asp,True,True,20.646361445076764,0.86328125,False,False,15
4004,tireworld-truck,p05,asp2-reg-4h,asp,True,True,1.4868487725034356,1.015625,False,False,11
4005,tireworld-truck,p05,asp2-reg-undo-4h,asp,True,True,1.800499876961112,1.31640625,False,False,11
4014,tireworld-truck,p53,asp2-reg-4h,asp,True,True,156.2727186884731,140.609375,False,False,18
4015,tireworld-truck,p53,asp2-reg-undo-4h,asp,True,True,114.50292982812972,149.30078125,False,False,18
4024,tireworld-truck,p59,asp2-reg-4h,asp,True,True,5.21382193826139,0.98828125,False,False,16
4025,tireworld-truck,p59,asp2-reg-undo-4h,asp,True,True,6.1367301368154585,1.1640625,False,False,16
4034,tireworld-truck,p34,asp2-reg-4h,asp,True,True,1.7978059323504567,1.4921875,False,False,13
4035,tireworld-truck,p34,asp2-reg-undo-4h,asp,True,True,1.7054266859777272,0.7578125,False,False,13
4044,tireworld-truck,p33,asp2-reg-4h,asp,True,True,87.4492112416774,128.98046875,False,False,17
4045,tireworld-truck,p33,asp2-reg-undo-4h,asp,True,True,59.80652009975165,134.32421875,False,False,17
4054,tireworld-truck,p45,asp2-reg-4h,asp,True,True,25.58439110498876,1.078125,False,False,17
4055,tireworld-truck,p45,asp2-reg-undo-4h,asp,True,True,27.249713848810643,1.30078125,False,False,17
4064,tireworld-truck,p28,asp2-reg-4h,asp,True,True,12.174169070087371,0.625,False,False,15
4065,tireworld-truck,p28,asp2-reg-undo-4h,asp,True,True,14.882063798140734,0.9375,False,False,15
4074,tireworld-truck,p43,asp2-reg-4h,asp,True,True,22.79993703123182,1.02734375,False,False,17
4075,tireworld-truck,p43,asp2-reg-undo-4h,asp,True,True,22.08779350295663,1.10546875,False,False,17
4084,tireworld-truck,p39,asp2-reg-4h,asp,True,True,5.819586105644703,1.4453125,False,False,15
4085,tireworld-truck,p39,asp2-reg-undo-4h,asp,True,True,6.5651513850316405,1.2421875,False,False,15
4094,tireworld-truck,p21,asp2-reg-4h,asp,True,True,2.057753035798669,0.8984375,False,False,12
4095,tireworld-truck,p21,asp2-reg-undo-4h,asp,True,True,2.5804894790053368,1.29296875,False,False,12
4104,tireworld-truck,p74,asp2-reg-4h,asp,True,True,279.38608377892524,170.88671875,False,False,19
4105,tireworld-truck,p74,asp2-reg-undo-4h,asp,True,True,274.15840055420995,193.47265625,False,False,19
4114,tireworld-truck,p11,asp2-reg-4h,asp,True,True,1.371796908788383,1.43359375,False,False,9
4115,tireworld-truck,p11,asp2-reg-undo-4h,asp,True,True,1.583878675941378,1.2109375,False,False,9
4124,tireworld-truck,p55,asp2-reg-4h,asp,True,True,55.525289081037045,124.5859375,False,False,16
4125,tireworld-truck,p55,asp2-reg-undo-4h,asp,True,True,55.259655382018536,101.82421875,False,False,16
4134,tireworld-truck,p51,asp2-reg-4h,asp,True,True,320.51553994975984,145.40625,False,False,20
4135,tireworld-truck,p51,asp2-reg-undo-4h,asp,True,True,214.6813284740784,156.52734375,False,False,20
4144,tireworld-truck,p31,asp2-reg-4h,asp,True,True,15.876664227806032,1.09765625,False,False,15
4145,tireworld-truck,p31,asp2-reg-undo-4h,asp,True,True,14.965854463167489,0.8515625,False,False,15
4154,tireworld-truck,p37,asp2-reg-4h,asp,True,True,2.462346162647009,1.1328125,False,False,13
4155,tireworld-truck,p37,asp2-reg-undo-4h,asp,True,True,2.655085809994489,1.09375,False,False,13
4164,tireworld-truck,p19,asp2-reg-4h,asp,True,True,2.642421739175916,1.19921875,False,False,14
4165,tireworld-truck,p19,asp2-reg-undo-4h,asp,True,True,2.8782650707289577,1.171875,False,False,14
4174,tireworld-truck,p04,asp2-reg-4h,asp,True,True,1.2062868122011423,1.0234375,False,False,11
4175,tireworld-truck,p04,asp2-reg-undo-4h,asp,True,True,1.445759465917945,1.26171875,False,False,11
